id,gold_pattern,m_correct_16,reward_mean_16,k16_zero_variance,k16_sum_positive,k16_sum_abs_negative,k16_mean_abs_advantage,k16_n_negative
kk_grpo_v1_train_000000,KKK,7,0.4375,False,7.683713367182588,7.683713367182588,0.9604641708978237,9
kk_grpo_v1_train_000067,NKK,0,0.0,True,0.0,0.0,0.0,0
kk_grpo_v1_train_000074,NKN,6,0.375,False,7.498500299940012,7.498500299940012,0.9373125374925015,10
kk_grpo_v1_train_000101,KNK,16,1.0,True,0.0,0.0,0.0,0
kk_grpo_v1_train_000107,NKK,16,1.0,True,0.0,0.0,0.0,0
kk_grpo_v1_train_000129,KNK,14,0.875,False,5.1219758220062985,5.1219758220062985,0.6402469777507873,2
kk_grpo_v1_train_000149,NNN,16,1.0,True,0.0,0.0,0.0,0
kk_grpo_v1_train_000158,KKK,16,1.0,True,0.0,0.0,0.0,0
kk_grpo_v1_train_000224,NNN,8,0.5,False,7.744466982832346,7.744466982832346,0.9680583728540433,8
kk_grpo_v1_train_000230,NNN,16,1.0,True,0.0,0.0,0.0,0
kk_grpo_v1_train_000234,NKK,8,0.5,False,7.744466982832346,7.744466982832346,0.9680583728540433,8
kk_grpo_v1_train_000238,NNN,14,0.875,False,5.1219758220062985,5.1219758220062985,0.6402469777507873,2
kk_grpo_v1_train_000257,KKK,16,1.0,True,0.0,0.0,0.0,0
kk_grpo_v1_train_000285,NNN,16,1.0,True,0.0,0.0,0.0,0
kk_grpo_v1_train_000288,KNK,16,1.0,True,0.0,0.0,0.0,0
kk_grpo_v1_train_000365,NKN,11,0.6875,False,7.1792036214468755,7.1792036214468755,0.8974004526808594,5
kk_grpo_v1_train_000401,NNK,9,0.5625,False,7.683713367182588,7.683713367182588,0.9604641708978237,7
kk_grpo_v1_train_000413,KKK,0,0.0,True,0.0,0.0,0.0,0
kk_grpo_v1_train_000422,KKK,16,1.0,True,0.0,0.0,0.0,0
kk_grpo_v1_train_000438,NNK,16,1.0,True,0.0,0.0,0.0,0
kk_grpo_v1_train_000471,KKK,16,1.0,True,0.0,0.0,0.0,0
kk_grpo_v1_train_000509,KNN,10,0.625,False,7.498500299940012,7.498500299940012,0.9373125374925015,6
kk_grpo_v1_train_000510,NKK,7,0.4375,False,7.683713367182588,7.683713367182588,0.9604641708978237,9
kk_grpo_v1_train_000597,KKK,16,1.0,True,0.0,0.0,0.0,0
kk_grpo_v1_train_000614,KKN,0,0.0,True,0.0,0.0,0.0,0
kk_grpo_v1_train_000643,NNK,16,1.0,True,0.0,0.0,0.0,0
kk_grpo_v1_train_000648,NKK,8,0.5,False,7.744466982832346,7.744466982832346,0.9680583728540433,8
kk_grpo_v1_train_000668,KKK,16,1.0,True,0.0,0.0,0.0,0
kk_grpo_v1_train_000673,KKK,16,1.0,True,0.0,0.0,0.0,0
kk_grpo_v1_train_000684,NKN,11,0.6875,False,7.1792036214468755,7.1792036214468755,0.8974004526808594,5
kk_grpo_v1_train_000725,KNK,12,0.75,False,6.706704267834585,6.706704267834583,0.8383380334793229,4
kk_grpo_v1_train_000734,KKK,16,1.0,True,0.0,0.0,0.0,0
kk_grpo_v1_train_000794,KNN,13,0.8125,False,6.04519368323583,6.045193683235832,0.755649210404479,3
kk_grpo_v1_train_000892,KKN,16,1.0,True,0.0,0.0,0.0,0
kk_grpo_v1_train_000943,KNK,13,0.8125,False,6.04519368323583,6.045193683235832,0.755649210404479,3
kk_grpo_v1_train_000967,NKK,16,1.0,True,0.0,0.0,0.0,0
kk_grpo_v1_train_000976,KKN,14,0.875,False,5.1219758220062985,5.1219758220062985,0.6402469777507873,2
kk_grpo_v1_train_001000,NKN,7,0.4375,False,7.683713367182588,7.683713367182588,0.9604641708978237,9
kk_grpo_v1_train_001002,NNK,7,0.4375,False,7.683713367182588,7.683713367182588,0.9604641708978237,9
kk_grpo_v1_train_001003,KNN,4,0.25,False,6.706704267834583,6.706704267834585,0.8383380334793229,12
kk_grpo_v1_train_001008,KKK,15,0.9375,False,3.748500599760097,3.748500599760096,0.46856257497001197,1
kk_grpo_v1_train_001043,KNN,7,0.4375,False,7.683713367182588,7.683713367182588,0.9604641708978237,9
kk_grpo_v1_train_001056,NNK,6,0.375,False,7.498500299940012,7.498500299940012,0.9373125374925015,10
kk_grpo_v1_train_001081,KKK,16,1.0,True,0.0,0.0,0.0,0
kk_grpo_v1_train_001083,KKN,16,1.0,True,0.0,0.0,0.0,0
kk_grpo_v1_train_001087,KNK,16,1.0,True,0.0,0.0,0.0,0
kk_grpo_v1_train_001088,KKK,16,1.0,True,0.0,0.0,0.0,0
kk_grpo_v1_train_001093,KNK,16,1.0,True,0.0,0.0,0.0,0
kk_grpo_v1_train_001097,KNN,16,1.0,True,0.0,0.0,0.0,0
kk_grpo_v1_train_001128,KKN,16,1.0,True,0.0,0.0,0.0,0
kk_grpo_v1_train_001131,NNK,9,0.5625,False,7.683713367182588,7.683713367182588,0.9604641708978237,7
kk_grpo_v1_train_001145,KKK,10,0.625,False,7.498500299940012,7.498500299940012,0.9373125374925015,6
kk_grpo_v1_train_001155,KKN,1,0.0625,False,3.748500599760096,3.748500599760097,0.46856257497001197,15
kk_grpo_v1_train_001176,NNK,16,1.0,True,0.0,0.0,0.0,0
kk_grpo_v1_train_001185,NNN,16,1.0,True,0.0,0.0,0.0,0
kk_grpo_v1_train_001245,KNN,0,0.0,True,0.0,0.0,0.0,0
kk_grpo_v1_train_001285,NNN,16,1.0,True,0.0,0.0,0.0,0
kk_grpo_v1_train_001355,NNK,16,1.0,True,0.0,0.0,0.0,0
kk_grpo_v1_train_001403,KKK,16,1.0,True,0.0,0.0,0.0,0
kk_grpo_v1_train_001413,NNK,0,0.0,True,0.0,0.0,0.0,0
kk_grpo_v1_train_001417,NKK,16,1.0,True,0.0,0.0,0.0,0
kk_grpo_v1_train_001460,NKK,14,0.875,False,5.1219758220062985,5.1219758220062985,0.6402469777507873,2
kk_grpo_v1_train_001462,NNN,16,1.0,True,0.0,0.0,0.0,0
kk_grpo_v1_train_001471,KKK,16,1.0,True,0.0,0.0,0.0,0
kk_grpo_v1_train_001497,KKN,11,0.6875,False,7.1792036214468755,7.1792036214468755,0.8974004526808594,5
kk_grpo_v1_train_001520,KKN,13,0.8125,False,6.04519368323583,6.045193683235832,0.755649210404479,3
kk_grpo_v1_train_001529,KNN,9,0.5625,False,7.683713367182588,7.683713367182588,0.9604641708978235,7
kk_grpo_v1_train_001540,KNK,15,0.9375,False,3.748500599760097,3.748500599760096,0.46856257497001197,1
kk_grpo_v1_train_001602,NKN,15,0.9375,False,3.748500599760097,3.748500599760096,0.46856257497001197,1
kk_grpo_v1_train_001627,NKN,4,0.25,False,6.706704267834583,6.706704267834585,0.8383380334793229,12
kk_grpo_v1_train_001630,NNK,8,0.5,False,7.744466982832346,7.744466982832346,0.9680583728540433,8
kk_grpo_v1_train_001656,NKN,13,0.8125,False,6.04519368323583,6.045193683235832,0.755649210404479,3
kk_grpo_v1_train_001728,NKK,14,0.875,False,5.1219758220062985,5.1219758220062985,0.6402469777507873,2
kk_grpo_v1_train_001733,NNN,16,1.0,True,0.0,0.0,0.0,0
kk_grpo_v1_train_001773,NNN,16,1.0,True,0.0,0.0,0.0,0
kk_grpo_v1_train_001834,NKK,2,0.125,False,5.1219758220062985,5.1219758220062985,0.6402469777507873,14
kk_grpo_v1_train_001875,NNN,16,1.0,True,0.0,0.0,0.0,0
kk_grpo_v1_train_001920,KNN,2,0.125,False,5.1219758220062985,5.1219758220062985,0.6402469777507873,14
kk_grpo_v1_train_001923,KKN,4,0.25,False,6.706704267834583,6.706704267834585,0.8383380334793229,12
kk_grpo_v1_train_001991,KKN,14,0.875,False,5.1219758220062985,5.1219758220062985,0.6402469777507873,2
kk_grpo_v1_train_002017,KNN,0,0.0,True,0.0,0.0,0.0,0
kk_grpo_v1_train_002032,KKN,2,0.125,False,5.1219758220062985,5.1219758220062985,0.6402469777507873,14
kk_grpo_v1_train_002036,KNK,16,1.0,True,0.0,0.0,0.0,0
kk_grpo_v1_train_002056,NKK,16,1.0,True,0.0,0.0,0.0,0
kk_grpo_v1_train_002069,KNK,5,0.3125,False,7.1792036214468755,7.1792036214468755,0.8974004526808594,11
kk_grpo_v1_train_002076,NKN,10,0.625,False,7.498500299940012,7.498500299940012,0.9373125374925015,6
kk_grpo_v1_train_002090,NNK,16,1.0,True,0.0,0.0,0.0,0
kk_grpo_v1_train_002177,KKK,15,0.9375,False,3.748500599760097,3.748500599760096,0.46856257497001197,1
kk_grpo_v1_train_002181,NKN,13,0.8125,False,6.04519368323583,6.045193683235832,0.755649210404479,3
kk_grpo_v1_train_002184,KKN,3,0.1875,False,6.045193683235832,6.04519368323583,0.755649210404479,13
kk_grpo_v1_train_002217,NKN,2,0.125,False,5.1219758220062985,5.1219758220062985,0.6402469777507873,14
kk_grpo_v1_train_002253,NKK,10,0.625,False,7.498500299940012,7.498500299940012,0.9373125374925015,6
kk_grpo_v1_train_002261,NKK,5,0.3125,False,7.1792036214468755,7.1792036214468755,0.8974004526808594,11
kk_grpo_v1_train_002262,NKN,16,1.0,True,0.0,0.0,0.0,0
kk_grpo_v1_train_002301,NKK,6,0.375,False,7.498500299940012,7.498500299940012,0.9373125374925015,10
kk_grpo_v1_train_002325,NKN,3,0.1875,False,6.045193683235832,6.04519368323583,0.755649210404479,13
kk_grpo_v1_train_002357,NKK,12,0.75,False,6.706704267834585,6.706704267834583,0.8383380334793229,4
kk_grpo_v1_train_002381,NNK,10,0.625,False,7.498500299940012,7.498500299940012,0.9373125374925015,6
kk_grpo_v1_train_002408,KKN,12,0.75,False,6.706704267834585,6.706704267834583,0.8383380334793229,4
kk_grpo_v1_train_002426,NKN,16,1.0,True,0.0,0.0,0.0,0
kk_grpo_v1_train_002459,NKN,14,0.875,False,5.1219758220062985,5.1219758220062985,0.6402469777507873,2
kk_grpo_v1_train_002514,KKK,16,1.0,True,0.0,0.0,0.0,0
kk_grpo_v1_train_002596,KNK,3,0.1875,False,6.045193683235832,6.04519368323583,0.755649210404479,13
kk_grpo_v1_train_002613,KNK,16,1.0,True,0.0,0.0,0.0,0
kk_grpo_v1_train_002635,KNK,16,1.0,True,0.0,0.0,0.0,0
kk_grpo_v1_train_002655,NNN,16,1.0,True,0.0,0.0,0.0,0
kk_grpo_v1_train_002721,KNK,5,0.3125,False,7.1792036214468755,7.1792036214468755,0.8974004526808594,11
kk_grpo_v1_train_002775,NNK,16,1.0,True,0.0,0.0,0.0,0
kk_grpo_v1_train_002784,KNN,16,1.0,True,0.0,0.0,0.0,0
kk_grpo_v1_train_002848,NNN,6,0.375,False,7.498500299940012,7.498500299940012,0.9373125374925015,10
kk_grpo_v1_train_002920,NNN,16,1.0,True,0.0,0.0,0.0,0
kk_grpo_v1_train_002925,KKN,16,1.0,True,0.0,0.0,0.0,0
kk_grpo_v1_train_002935,NKN,2,0.125,False,5.1219758220062985,5.1219758220062985,0.6402469777507873,14
kk_grpo_v1_train_002946,KKK,16,1.0,True,0.0,0.0,0.0,0
kk_grpo_v1_train_002957,NNN,16,1.0,True,0.0,0.0,0.0,0
kk_grpo_v1_train_002971,NKN,9,0.5625,False,7.683713367182588,7.683713367182588,0.9604641708978235,7
kk_grpo_v1_train_002991,NKN,16,1.0,True,0.0,0.0,0.0,0
kk_grpo_v1_train_003024,NNN,11,0.6875,False,7.1792036214468755,7.1792036214468755,0.8974004526808594,5
kk_grpo_v1_train_003027,NKK,0,0.0,True,0.0,0.0,0.0,0
kk_grpo_v1_train_003050,KKK,16,1.0,True,0.0,0.0,0.0,0
kk_grpo_v1_train_003083,NNK,16,1.0,True,0.0,0.0,0.0,0
kk_grpo_v1_train_003099,KKK,16,1.0,True,0.0,0.0,0.0,0
kk_grpo_v1_train_003104,NKK,13,0.8125,False,6.04519368323583,6.045193683235832,0.755649210404479,3
kk_grpo_v1_train_003120,NKN,0,0.0,True,0.0,0.0,0.0,0
kk_grpo_v1_train_003154,NKN,4,0.25,False,6.706704267834583,6.706704267834585,0.8383380334793229,12
kk_grpo_v1_train_003182,NNK,11,0.6875,False,7.1792036214468755,7.1792036214468755,0.8974004526808594,5
kk_grpo_v1_train_003190,KNK,16,1.0,True,0.0,0.0,0.0,0
kk_grpo_v1_train_003235,NNN,16,1.0,True,0.0,0.0,0.0,0
kk_grpo_v1_train_003255,KNN,5,0.3125,False,7.1792036214468755,7.1792036214468755,0.8974004526808594,11
kk_grpo_v1_train_003257,KKN,0,0.0,True,0.0,0.0,0.0,0
kk_grpo_v1_train_003307,NNN,16,1.0,True,0.0,0.0,0.0,0
kk_grpo_v1_train_003327,NNN,16,1.0,True,0.0,0.0,0.0,0
kk_grpo_v1_train_003335,KNN,3,0.1875,False,6.045193683235832,6.04519368323583,0.755649210404479,13
kk_grpo_v1_train_003337,NNN,5,0.3125,False,7.1792036214468755,7.1792036214468755,0.8974004526808594,11
kk_grpo_v1_train_003359,NNK,16,1.0,True,0.0,0.0,0.0,0
kk_grpo_v1_train_003396,KKK,0,0.0,True,0.0,0.0,0.0,0
kk_grpo_v1_train_003423,KNN,16,1.0,True,0.0,0.0,0.0,0
kk_grpo_v1_train_003425,NNK,13,0.8125,False,6.04519368323583,6.045193683235832,0.755649210404479,3
kk_grpo_v1_train_003433,KNN,16,1.0,True,0.0,0.0,0.0,0
kk_grpo_v1_train_003442,NNN,14,0.875,False,5.1219758220062985,5.1219758220062985,0.6402469777507873,2
kk_grpo_v1_train_003486,NNK,14,0.875,False,5.1219758220062985,5.1219758220062985,0.6402469777507873,2
kk_grpo_v1_train_003502,KNN,0,0.0,True,0.0,0.0,0.0,0
kk_grpo_v1_train_003539,KKK,16,1.0,True,0.0,0.0,0.0,0
kk_grpo_v1_train_003545,NNK,2,0.125,False,5.1219758220062985,5.1219758220062985,0.6402469777507873,14
kk_grpo_v1_train_003567,KNK,16,1.0,True,0.0,0.0,0.0,0
kk_grpo_v1_train_003582,KKN,16,1.0,True,0.0,0.0,0.0,0
kk_grpo_v1_train_003585,KKK,16,1.0,True,0.0,0.0,0.0,0
kk_grpo_v1_train_003593,KKK,16,1.0,True,0.0,0.0,0.0,0
kk_grpo_v1_train_003603,NKK,4,0.25,False,6.706704267834583,6.706704267834585,0.8383380334793229,12
kk_grpo_v1_train_003622,KKN,9,0.5625,False,7.683713367182588,7.683713367182588,0.9604641708978235,7
kk_grpo_v1_train_003713,NKN,16,1.0,True,0.0,0.0,0.0,0
kk_grpo_v1_train_003721,KKN,16,1.0,True,0.0,0.0,0.0,0
kk_grpo_v1_train_003746,KNK,14,0.875,False,5.1219758220062985,5.1219758220062985,0.6402469777507873,2
kk_grpo_v1_train_003782,NKN,6,0.375,False,7.498500299940012,7.498500299940012,0.9373125374925015,10
kk_grpo_v1_train_003799,NNK,16,1.0,True,0.0,0.0,0.0,0
kk_grpo_v1_train_003828,NKN,12,0.75,False,6.706704267834585,6.706704267834583,0.8383380334793229,4
kk_grpo_v1_train_003874,KNK,15,0.9375,False,3.748500599760097,3.748500599760096,0.46856257497001197,1
kk_grpo_v1_train_003889,NKK,14,0.875,False,5.1219758220062985,5.1219758220062985,0.6402469777507873,2
kk_grpo_v1_train_003896,KNK,15,0.9375,False,3.748500599760097,3.748500599760096,0.46856257497001197,1
kk_grpo_v1_train_003926,KNK,16,1.0,True,0.0,0.0,0.0,0
kk_grpo_v1_train_003951,KKN,11,0.6875,False,7.1792036214468755,7.1792036214468755,0.8974004526808594,5
kk_grpo_v1_train_004002,NNK,16,1.0,True,0.0,0.0,0.0,0
kk_grpo_v1_train_004019,KNN,16,1.0,True,0.0,0.0,0.0,0
kk_grpo_v1_train_004020,KKN,10,0.625,False,7.498500299940012,7.498500299940012,0.9373125374925015,6
kk_grpo_v1_train_004039,KNN,15,0.9375,False,3.748500599760097,3.748500599760096,0.46856257497001197,1
kk_grpo_v1_train_004054,NKN,16,1.0,True,0.0,0.0,0.0,0
kk_grpo_v1_train_004061,KNK,16,1.0,True,0.0,0.0,0.0,0
kk_grpo_v1_train_004096,NKN,12,0.75,False,6.706704267834585,6.706704267834583,0.8383380334793229,4
kk_grpo_v1_train_004100,KNN,16,1.0,True,0.0,0.0,0.0,0
kk_grpo_v1_train_004120,NKN,0,0.0,True,0.0,0.0,0.0,0
kk_grpo_v1_train_004131,NNN,16,1.0,True,0.0,0.0,0.0,0
kk_grpo_v1_train_004159,NNN,15,0.9375,False,3.748500599760097,3.748500599760096,0.46856257497001197,1
kk_grpo_v1_train_004163,KNN,16,1.0,True,0.0,0.0,0.0,0
kk_grpo_v1_train_004189,NNK,4,0.25,False,6.706704267834583,6.706704267834585,0.8383380334793229,12
kk_grpo_v1_train_004237,KKN,15,0.9375,False,3.748500599760097,3.748500599760096,0.46856257497001197,1
kk_grpo_v1_train_004253,NKK,13,0.8125,False,6.04519368323583,6.045193683235832,0.755649210404479,3
kk_grpo_v1_train_004286,NKN,16,1.0,True,0.0,0.0,0.0,0
kk_grpo_v1_train_004353,KKK,16,1.0,True,0.0,0.0,0.0,0
kk_grpo_v1_train_004386,NNK,7,0.4375,False,7.683713367182588,7.683713367182588,0.9604641708978237,9
kk_grpo_v1_train_004410,NNN,16,1.0,True,0.0,0.0,0.0,0
kk_grpo_v1_train_004437,KNN,7,0.4375,False,7.683713367182588,7.683713367182588,0.9604641708978237,9
kk_grpo_v1_train_004491,KKK,9,0.5625,False,7.683713367182588,7.683713367182588,0.9604641708978235,7
kk_grpo_v1_train_004550,KNN,11,0.6875,False,7.1792036214468755,7.1792036214468755,0.8974004526808594,5
kk_grpo_v1_train_004585,NNK,13,0.8125,False,6.04519368323583,6.045193683235832,0.755649210404479,3
kk_grpo_v1_train_004600,NKN,3,0.1875,False,6.045193683235832,6.04519368323583,0.755649210404479,13
kk_grpo_v1_train_004605,NKN,8,0.5,False,7.744466982832346,7.744466982832346,0.9680583728540433,8
kk_grpo_v1_train_004607,NNN,16,1.0,True,0.0,0.0,0.0,0
kk_grpo_v1_train_004617,NNN,16,1.0,True,0.0,0.0,0.0,0
kk_grpo_v1_train_004664,NKN,6,0.375,False,7.498500299940012,7.498500299940012,0.9373125374925015,10
kk_grpo_v1_train_004682,NNN,16,1.0,True,0.0,0.0,0.0,0
kk_grpo_v1_train_004726,KNN,8,0.5,False,7.744466982832346,7.744466982832346,0.9680583728540433,8
kk_grpo_v1_train_004729,KKK,0,0.0,True,0.0,0.0,0.0,0
kk_grpo_v1_train_004734,KNN,16,1.0,True,0.0,0.0,0.0,0
kk_grpo_v1_train_004748,NKK,13,0.8125,False,6.04519368323583,6.045193683235832,0.7556492104044789,3
kk_grpo_v1_train_004796,KKN,12,0.75,False,6.706704267834585,6.706704267834583,0.8383380334793229,4
kk_grpo_v1_train_004874,KNK,14,0.875,False,5.1219758220062985,5.1219758220062985,0.6402469777507873,2
kk_grpo_v1_train_004875,KNN,14,0.875,False,5.1219758220062985,5.1219758220062985,0.6402469777507873,2
kk_grpo_v1_train_004946,KKK,12,0.75,False,6.706704267834585,6.706704267834583,0.8383380334793229,4
kk_grpo_v1_train_004948,NNN,16,1.0,True,0.0,0.0,0.0,0
kk_grpo_v1_train_004995,NNK,13,0.8125,False,6.04519368323583,6.045193683235832,0.755649210404479,3
