signature_type,signature,n,target_class,p_epoch4,p_epoch5,p_v1,p_v2,p_v3,delta_epoch5,delta_v1,delta_v2,delta_v3
top_ops,different+different+or,20,KKN,0.0500,0.0500,0.0500,0.0500,0.0500,+0.0000,+0.0000,+0.0000,+0.0000
top_ops,different+different+or,20,KNK,0.1000,0.1000,0.1000,0.1500,0.1000,+0.0000,+0.0000,+0.0500,+0.0000
top_ops,different+different+or,20,KNN,0.0500,0.0500,0.0500,0.0500,0.0500,+0.0000,+0.0000,+0.0000,+0.0000
top_ops,different+different+or,20,NKK,0.2000,0.2000,0.2000,0.1500,0.2000,+0.0000,+0.0000,-0.0500,+0.0000
top_ops,different+different+or,20,NKN,0.0500,0.0500,0.0500,0.0500,0.0500,+0.0000,+0.0000,+0.0000,+0.0000
top_ops,different+different+or,20,NNK,0.2000,0.2000,0.2000,0.1500,0.2000,+0.0000,+0.0000,-0.0500,+0.0000
top_ops,different+different+or,20,NNN,0.3500,0.3500,0.3500,0.4000,0.3500,+0.0000,+0.0000,+0.0500,+0.0000
top_ops,or+different+person_is,21,KKK,0.0000,0.0000,0.0476,0.0476,0.0000,+0.0000,+0.0476,+0.0476,+0.0000
top_ops,or+different+person_is,21,KKN,0.1905,0.2381,0.2381,0.2381,0.3810,+0.0476,+0.0476,+0.0476,+0.1905
top_ops,or+different+person_is,21,KNK,0.1905,0.1905,0.1429,0.1905,0.0476,+0.0000,-0.0476,+0.0000,-0.1429
top_ops,or+different+person_is,21,KNN,0.2381,0.1905,0.1905,0.1429,0.1905,-0.0476,-0.0476,-0.0952,-0.0476
top_ops,or+different+person_is,21,NKK,0.0000,0.0476,0.0000,0.0476,0.0000,+0.0476,+0.0000,+0.0476,+0.0000
top_ops,or+different+person_is,21,NKN,0.0476,0.0476,0.3333,0.1429,0.0476,+0.0000,+0.2857,+0.0952,+0.0000
top_ops,or+different+person_is,21,NNK,0.1429,0.1429,0.0000,0.0952,0.1429,+0.0000,-0.1429,-0.0476,+0.0000
top_ops,or+different+person_is,21,NNN,0.1905,0.1429,0.0476,0.0952,0.1905,-0.0476,-0.1429,-0.0952,+0.0000
top_ops,or+same+same,23,KKK,0.4783,0.4783,0.5217,0.4783,0.4783,+0.0000,+0.0435,+0.0000,+0.0000
top_ops,or+same+same,23,KKN,0.1304,0.1304,0.1304,0.1739,0.1739,+0.0000,+0.0000,+0.0435,+0.0435
top_ops,or+same+same,23,KNK,0.0870,0.0870,0.0870,0.0870,0.1304,+0.0000,+0.0000,+0.0000,+0.0435
top_ops,or+same+same,23,KNN,0.2609,0.2609,0.2609,0.2609,0.2174,+0.0000,+0.0000,+0.0000,-0.0435
top_ops,or+same+same,23,NKK,0.0435,0.0435,0.0000,0.0000,0.0000,+0.0000,-0.0435,-0.0435,-0.0435
top_ops,same+or+not,20,KKK,0.4000,0.4000,0.4000,0.4000,0.4000,+0.0000,+0.0000,+0.0000,+0.0000
top_ops,same+or+not,20,NKK,0.3000,0.3500,0.4000,0.3500,0.3500,+0.0500,+0.1000,+0.0500,+0.0500
top_ops,same+or+not,20,NKN,0.2500,0.2000,0.2000,0.2000,0.2000,-0.0500,-0.0500,-0.0500,-0.0500
top_ops,same+or+not,20,NNK,0.0500,0.0500,0.0000,0.0500,0.0500,+0.0000,-0.0500,+0.0000,+0.0000
top_ops,same+same+or,28,KKK,0.6071,0.6786,0.6786,0.6429,0.6786,+0.0714,+0.0714,+0.0357,+0.0714
top_ops,same+same+or,28,KKN,0.0357,0.0000,0.0000,0.0357,0.0000,-0.0357,-0.0357,+0.0000,-0.0357
top_ops,same+same+or,28,KNK,0.0357,0.0357,0.0357,0.0357,0.0357,+0.0000,+0.0000,+0.0000,+0.0000
top_ops,same+same+or,28,KNN,0.0357,0.0000,0.0000,0.0000,0.0000,-0.0357,-0.0357,-0.0357,-0.0357
top_ops,same+same+or,28,NKK,0.1071,0.1071,0.1071,0.1071,0.1071,+0.0000,+0.0000,+0.0000,+0.0000
top_ops,same+same+or,28,NNK,0.1786,0.1786,0.1786,0.1786,0.1786,+0.0000,+0.0000,+0.0000,+0.0000
top_ops_multiset,and|and|different,33,KKN,0.0606,0.1212,0.0909,0.0606,0.0909,+0.0606,+0.0303,+0.0000,+0.0303
top_ops_multiset,and|and|different,33,KNK,0.1212,0.0606,0.0909,0.1212,0.0909,-0.0606,-0.0303,+0.0000,-0.0303
top_ops_multiset,and|and|different,33,KNN,0.0303,0.0606,0.0303,0.0606,0.0303,+0.0303,+0.0000,+0.0303,+0.0000
top_ops_multiset,and|and|different,33,NKK,0.0606,0.0909,0.0909,0.0909,0.0303,+0.0303,+0.0303,+0.0303,-0.0303
top_ops_multiset,and|and|different,33,NKN,0.2121,0.2424,0.2121,0.1818,0.1212,+0.0303,+0.0000,-0.0303,-0.0909
top_ops_multiset,and|and|different,33,NNK,0.0606,0.0606,0.0909,0.0606,0.0909,+0.0000,+0.0303,+0.0000,+0.0303
top_ops_multiset,and|and|different,33,NNN,0.4545,0.3636,0.3939,0.4242,0.5455,-0.0909,-0.0606,-0.0303,+0.0909
top_ops_multiset,and|and|not,22,KKK,0.0455,0.0000,0.0455,0.0455,0.0455,-0.0455,+0.0000,+0.0000,+0.0000
top_ops_multiset,and|and|not,22,KKN,0.0455,0.0455,0.0455,0.0455,0.0455,+0.0000,+0.0000,+0.0000,+0.0000
top_ops_multiset,and|and|not,22,KNK,0.0455,0.0455,0.0455,0.0909,0.0909,+0.0000,+0.0000,+0.0455,+0.0455
top_ops_multiset,and|and|not,22,KNN,0.0455,0.1818,0.0909,0.1364,0.0909,+0.1364,+0.0455,+0.0909,+0.0455
top_ops_multiset,and|and|not,22,NKK,0.0000,0.0909,0.1364,0.0909,0.0909,+0.0909,+0.1364,+0.0909,+0.0909
top_ops_multiset,and|and|not,22,NKN,0.2273,0.1364,0.1364,0.1364,0.0909,-0.0909,-0.0909,-0.0909,-0.1364
top_ops_multiset,and|and|not,22,NNK,0.3182,0.2727,0.2727,0.1818,0.3182,-0.0455,-0.0455,-0.1364,+0.0000
top_ops_multiset,and|and|not,22,NNN,0.2727,0.2273,0.2273,0.2727,0.2273,-0.0455,-0.0455,+0.0000,-0.0455
top_ops_multiset,and|and|or,21,KKK,0.0952,0.0952,0.1429,0.0952,0.1429,+0.0000,+0.0476,+0.0000,+0.0476
top_ops_multiset,and|and|or,21,KKN,0.0952,0.1429,0.0476,0.0476,0.0952,+0.0476,-0.0476,-0.0476,+0.0000
top_ops_multiset,and|and|or,21,KNK,0.0000,0.0476,0.0476,0.0476,0.0952,+0.0476,+0.0476,+0.0476,+0.0952
top_ops_multiset,and|and|or,21,KNN,0.1429,0.1905,0.2381,0.2857,0.1905,+0.0476,+0.0952,+0.1429,+0.0476
top_ops_multiset,and|and|or,21,NKK,0.0476,0.0000,0.0952,0.0000,0.0000,-0.0476,+0.0476,-0.0476,-0.0476
top_ops_multiset,and|and|or,21,NKN,0.0476,0.0476,0.0476,0.0476,0.0476,+0.0000,+0.0000,+0.0000,+0.0000
top_ops_multiset,and|and|or,21,NNK,0.4762,0.4286,0.3333,0.4286,0.3333,-0.0476,-0.1429,-0.0476,-0.1429
top_ops_multiset,and|and|or,21,NNN,0.0952,0.0476,0.0476,0.0476,0.0952,-0.0476,-0.0476,-0.0476,+0.0000
top_ops_multiset,and|and|person_is,29,KKN,0.0345,0.0345,0.0345,0.0345,0.0690,+0.0000,+0.0000,+0.0000,+0.0345
top_ops_multiset,and|and|person_is,29,KNK,0.0345,0.0690,0.0690,0.0345,0.0690,+0.0345,+0.0345,+0.0000,+0.0345
top_ops_multiset,and|and|person_is,29,KNN,0.0690,0.1034,0.0690,0.1379,0.0690,+0.0345,+0.0000,+0.0690,+0.0000
top_ops_multiset,and|and|person_is,29,NKK,0.0345,0.1034,0.0345,0.0000,0.0000,+0.0690,+0.0000,-0.0345,-0.0345
top_ops_multiset,and|and|person_is,29,NKN,0.1034,0.1379,0.1379,0.1034,0.0690,+0.0345,+0.0345,+0.0000,-0.0345
top_ops_multiset,and|and|person_is,29,NNK,0.2759,0.1724,0.3103,0.2759,0.3448,-0.1034,+0.0345,+0.0000,+0.0690
top_ops_multiset,and|and|person_is,29,NNN,0.4483,0.3793,0.3448,0.4138,0.3793,-0.0690,-0.1034,-0.0345,-0.0690
top_ops_multiset,and|and|same,24,KKK,0.1250,0.1250,0.1250,0.1250,0.1250,+0.0000,+0.0000,+0.0000,+0.0000
top_ops_multiset,and|and|same,24,KKN,0.0417,0.0833,0.0417,0.0833,0.0833,+0.0417,+0.0000,+0.0417,+0.0417
top_ops_multiset,and|and|same,24,KNK,0.0417,0.0000,0.0417,0.0833,0.0417,-0.0417,+0.0000,+0.0417,+0.0000
top_ops_multiset,and|and|same,24,KNN,0.1667,0.2083,0.1250,0.0833,0.1250,+0.0417,-0.0417,-0.0833,-0.0417
top_ops_multiset,and|and|same,24,NKK,0.0417,0.0833,0.0833,0.0417,0.0417,+0.0417,+0.0417,+0.0000,+0.0000
top_ops_multiset,and|and|same,24,NKN,0.2083,0.1667,0.2083,0.1667,0.1667,-0.0417,+0.0000,-0.0417,-0.0417
top_ops_multiset,and|and|same,24,NNK,0.3750,0.3333,0.3750,0.4167,0.4167,-0.0417,+0.0000,+0.0417,+0.0417
top_ops_multiset,and|different|different,34,KKN,0.0000,0.0882,0.0294,0.0294,0.0588,+0.0882,+0.0294,+0.0294,+0.0588
top_ops_multiset,and|different|different,34,KNK,0.0294,0.0588,0.0294,0.0588,0.0294,+0.0294,+0.0000,+0.0294,+0.0000
top_ops_multiset,and|different|different,34,KNN,0.0588,0.0294,0.0588,0.0882,0.0294,-0.0294,+0.0000,+0.0294,-0.0294
top_ops_multiset,and|different|different,34,NKK,0.1176,0.0882,0.0882,0.0588,0.0588,-0.0294,-0.0294,-0.0588,-0.0588
top_ops_multiset,and|different|different,34,NKN,0.0294,0.0294,0.0294,0.0294,0.0294,+0.0000,+0.0000,+0.0000,+0.0000
top_ops_multiset,and|different|different,34,NNK,0.0588,0.0588,0.0588,0.0588,0.0882,+0.0000,+0.0000,+0.0000,+0.0294
top_ops_multiset,and|different|different,34,NNN,0.7059,0.6471,0.7059,0.6765,0.7059,-0.0588,+0.0000,-0.0294,+0.0000
top_ops_multiset,and|different|not,44,KKN,0.0909,0.1364,0.1136,0.0909,0.1136,+0.0455,+0.0227,+0.0000,+0.0227
top_ops_multiset,and|different|not,44,KNK,0.1591,0.2045,0.1591,0.1818,0.1818,+0.0455,+0.0000,+0.0227,+0.0227
top_ops_multiset,and|different|not,44,KNN,0.1364,0.1136,0.0455,0.1364,0.0909,-0.0227,-0.0909,+0.0000,-0.0455
top_ops_multiset,and|different|not,44,NKK,0.0682,0.0909,0.0909,0.0909,0.0909,+0.0227,+0.0227,+0.0227,+0.0227
top_ops_multiset,and|different|not,44,NKN,0.1364,0.1364,0.1591,0.1364,0.0909,+0.0000,+0.0227,+0.0000,-0.0455
top_ops_multiset,and|different|not,44,NNK,0.2045,0.1818,0.1818,0.2045,0.2500,-0.0227,-0.0227,+0.0000,+0.0455
top_ops_multiset,and|different|not,44,NNN,0.2045,0.1364,0.2500,0.1591,0.1818,-0.0682,+0.0455,-0.0455,-0.0227
top_ops_multiset,and|different|or,60,KKN,0.1000,0.1167,0.1667,0.1667,0.2000,+0.0167,+0.0667,+0.0667,+0.1000
top_ops_multiset,and|different|or,60,KNK,0.3167,0.3000,0.2333,0.2833,0.2167,-0.0167,-0.0833,-0.0333,-0.1000
top_ops_multiset,and|different|or,60,KNN,0.1333,0.1167,0.1000,0.1000,0.1000,-0.0167,-0.0333,-0.0333,-0.0333
top_ops_multiset,and|different|or,60,NKK,0.1000,0.1333,0.1333,0.1167,0.1333,+0.0333,+0.0333,+0.0167,+0.0333
top_ops_multiset,and|different|or,60,NKN,0.1167,0.1167,0.1500,0.0833,0.0833,+0.0000,+0.0333,-0.0333,-0.0333
top_ops_multiset,and|different|or,60,NNK,0.0833,0.0833,0.0667,0.1000,0.0667,+0.0000,-0.0167,+0.0167,-0.0167
top_ops_multiset,and|different|or,60,NNN,0.1500,0.1333,0.1500,0.1500,0.2000,-0.0167,+0.0000,+0.0000,+0.0500
top_ops_multiset,and|different|person_is,70,KKN,0.0571,0.0857,0.0571,0.0857,0.0714,+0.0286,+0.0000,+0.0286,+0.0143
top_ops_multiset,and|different|person_is,70,KNK,0.1429,0.1429,0.0857,0.1571,0.1571,+0.0000,-0.0571,+0.0143,+0.0143
top_ops_multiset,and|different|person_is,70,KNN,0.1143,0.1143,0.1000,0.1000,0.1000,+0.0000,-0.0143,-0.0143,-0.0143
top_ops_multiset,and|different|person_is,70,NKK,0.0571,0.1143,0.0714,0.1000,0.0429,+0.0571,+0.0143,+0.0429,-0.0143
top_ops_multiset,and|different|person_is,70,NKN,0.1429,0.1429,0.2000,0.1143,0.1857,+0.0000,+0.0571,-0.0286,+0.0429
top_ops_multiset,and|different|person_is,70,NNK,0.1286,0.1286,0.1429,0.1429,0.1286,+0.0000,+0.0143,+0.0143,+0.0000
top_ops_multiset,and|different|person_is,70,NNN,0.3571,0.2714,0.3429,0.3000,0.3143,-0.0857,-0.0143,-0.0571,-0.0429
top_ops_multiset,and|different|same,67,KKK,0.0149,0.0149,0.0000,0.0149,0.0299,+0.0000,-0.0149,+0.0000,+0.0149
top_ops_multiset,and|different|same,67,KKN,0.0746,0.1045,0.0896,0.0896,0.1045,+0.0299,+0.0149,+0.0149,+0.0299
top_ops_multiset,and|different|same,67,KNK,0.1791,0.1642,0.1493,0.1791,0.1493,-0.0149,-0.0299,+0.0000,-0.0299
top_ops_multiset,and|different|same,67,KNN,0.1642,0.2090,0.1493,0.2239,0.1642,+0.0448,-0.0149,+0.0597,+0.0000
top_ops_multiset,and|different|same,67,NKK,0.1194,0.1642,0.1791,0.0896,0.1194,+0.0448,+0.0597,-0.0299,+0.0000
top_ops_multiset,and|different|same,67,NKN,0.2090,0.1493,0.1940,0.1791,0.1642,-0.0597,-0.0149,-0.0299,-0.0448
top_ops_multiset,and|different|same,67,NNK,0.2388,0.1940,0.2388,0.2239,0.2239,-0.0448,+0.0000,-0.0149,-0.0149
top_ops_multiset,and|different|same,67,NNN,0.0000,0.0000,0.0000,0.0000,0.0448,+0.0000,+0.0000,+0.0000,+0.0448
top_ops_multiset,and|not|or,39,KKK,0.1026,0.1026,0.1026,0.1026,0.1282,+0.0000,+0.0000,+0.0000,+0.0256
top_ops_multiset,and|not|or,39,KKN,0.0769,0.1026,0.1026,0.1282,0.0769,+0.0256,+0.0256,+0.0513,+0.0000
top_ops_multiset,and|not|or,39,KNK,0.1026,0.0513,0.0513,0.0000,0.0769,-0.0513,-0.0513,-0.1026,-0.0256
top_ops_multiset,and|not|or,39,KNN,0.1282,0.1538,0.1282,0.1795,0.1026,+0.0256,+0.0000,+0.0513,-0.0256
top_ops_multiset,and|not|or,39,NKK,0.0769,0.1026,0.1795,0.1282,0.2051,+0.0256,+0.1026,+0.0513,+0.1282
top_ops_multiset,and|not|or,39,NKN,0.2821,0.2308,0.1795,0.2051,0.0513,-0.0513,-0.1026,-0.0769,-0.2308
top_ops_multiset,and|not|or,39,NNK,0.1282,0.1795,0.1538,0.1795,0.2308,+0.0513,+0.0256,+0.0513,+0.1026
top_ops_multiset,and|not|or,39,NNN,0.1026,0.0769,0.1026,0.0769,0.1282,-0.0256,+0.0000,-0.0256,+0.0256
top_ops_multiset,and|not|person_is,53,KKK,0.0377,0.0377,0.0377,0.0377,0.0377,+0.0000,+0.0000,+0.0000,+0.0000
top_ops_multiset,and|not|person_is,53,KKN,0.0377,0.0566,0.0377,0.0377,0.0566,+0.0189,+0.0000,+0.0000,+0.0189
top_ops_multiset,and|not|person_is,53,KNK,0.0566,0.0943,0.0943,0.1132,0.1132,+0.0377,+0.0377,+0.0566,+0.0566
top_ops_multiset,and|not|person_is,53,KNN,0.0943,0.1132,0.1132,0.1321,0.1132,+0.0189,+0.0189,+0.0377,+0.0189
top_ops_multiset,and|not|person_is,53,NKK,0.0566,0.0943,0.1321,0.0755,0.0755,+0.0377,+0.0755,+0.0189,+0.0189
top_ops_multiset,and|not|person_is,53,NKN,0.1887,0.1698,0.1321,0.1509,0.1132,-0.0189,-0.0566,-0.0377,-0.0755
top_ops_multiset,and|not|person_is,53,NNK,0.1887,0.1698,0.1321,0.1509,0.1887,-0.0189,-0.0566,-0.0377,+0.0000
top_ops_multiset,and|not|person_is,53,NNN,0.3396,0.2642,0.3019,0.3019,0.3019,-0.0755,-0.0377,-0.0377,-0.0377
top_ops_multiset,and|not|same,50,KKK,0.1400,0.1400,0.1600,0.1400,0.1600,+0.0000,+0.0200,+0.0000,+0.0200
top_ops_multiset,and|not|same,50,KKN,0.0600,0.1200,0.1000,0.1000,0.1000,+0.0600,+0.0400,+0.0400,+0.0400
top_ops_multiset,and|not|same,50,KNK,0.1400,0.1600,0.1200,0.1800,0.1400,+0.0200,-0.0200,+0.0400,+0.0000
top_ops_multiset,and|not|same,50,KNN,0.1000,0.0800,0.0600,0.0800,0.0800,-0.0200,-0.0400,-0.0200,-0.0200
top_ops_multiset,and|not|same,50,NKK,0.1400,0.1600,0.1600,0.1400,0.1400,+0.0200,+0.0200,+0.0000,+0.0000
top_ops_multiset,and|not|same,50,NKN,0.1600,0.1200,0.1600,0.1400,0.1600,-0.0400,+0.0000,-0.0200,+0.0000
top_ops_multiset,and|not|same,50,NNK,0.2600,0.2200,0.2400,0.2000,0.2000,-0.0400,-0.0200,-0.0600,-0.0600
top_ops_multiset,and|not|same,50,NNN,0.0000,0.0000,0.0000,0.0200,0.0200,+0.0000,+0.0000,+0.0200,+0.0200
top_ops_multiset,and|or|person_is,51,KKK,0.0392,0.0196,0.0392,0.0392,0.0588,-0.0196,+0.0000,+0.0000,+0.0196
top_ops_multiset,and|or|person_is,51,KKN,0.1373,0.1373,0.1373,0.1373,0.1373,+0.0000,+0.0000,+0.0000,+0.0000
top_ops_multiset,and|or|person_is,51,KNK,0.2941,0.3137,0.3137,0.2549,0.2353,+0.0196,+0.0196,-0.0392,-0.0588
top_ops_multiset,and|or|person_is,51,KNN,0.1569,0.1569,0.1373,0.1569,0.1961,+0.0000,-0.0196,+0.0000,+0.0392
top_ops_multiset,and|or|person_is,51,NKK,0.0196,0.0196,0.0980,0.0196,0.0784,+0.0000,+0.0784,+0.0000,+0.0588
top_ops_multiset,and|or|person_is,51,NKN,0.1569,0.1373,0.1176,0.1373,0.0392,-0.0196,-0.0392,-0.0196,-0.1176
top_ops_multiset,and|or|person_is,51,NNK,0.1176,0.1373,0.1176,0.1569,0.1176,+0.0196,+0.0000,+0.0392,+0.0000
top_ops_multiset,and|or|person_is,51,NNN,0.0784,0.0784,0.0392,0.0980,0.1373,+0.0000,-0.0392,+0.0196,+0.0588
top_ops_multiset,and|or|same,61,KKK,0.1639,0.1639,0.1475,0.1639,0.1639,+0.0000,-0.0164,+0.0000,+0.0000
top_ops_multiset,and|or|same,61,KKN,0.1475,0.2131,0.2131,0.2131,0.2295,+0.0656,+0.0656,+0.0656,+0.0820
top_ops_multiset,and|or|same,61,KNK,0.1803,0.1475,0.1803,0.1967,0.1803,-0.0328,+0.0000,+0.0164,+0.0000
top_ops_multiset,and|or|same,61,KNN,0.0984,0.0820,0.0492,0.0820,0.0492,-0.0164,-0.0492,-0.0164,-0.0492
top_ops_multiset,and|or|same,61,NKK,0.1148,0.1148,0.1311,0.0820,0.0984,+0.0000,+0.0164,-0.0328,-0.0164
top_ops_multiset,and|or|same,61,NKN,0.1967,0.1639,0.1803,0.1803,0.1639,-0.0328,-0.0164,-0.0164,-0.0328
top_ops_multiset,and|or|same,61,NNK,0.0984,0.1148,0.0984,0.0820,0.1148,+0.0164,+0.0000,-0.0164,+0.0164
top_ops_multiset,and|person_is|person_is,31,KKK,0.0968,0.0968,0.0968,0.0968,0.0968,+0.0000,+0.0000,+0.0000,+0.0000
top_ops_multiset,and|person_is|person_is,31,KKN,0.0323,0.0968,0.0323,0.0968,0.0968,+0.0645,+0.0000,+0.0645,+0.0645
top_ops_multiset,and|person_is|person_is,31,KNK,0.0645,0.1613,0.0323,0.1290,0.1290,+0.0968,-0.0323,+0.0645,+0.0645
top_ops_multiset,and|person_is|person_is,31,KNN,0.0000,0.0000,0.0000,0.0323,0.0000,+0.0000,+0.0000,+0.0323,+0.0000
top_ops_multiset,and|person_is|person_is,31,NKK,0.1290,0.1290,0.1290,0.0968,0.0323,+0.0000,+0.0000,-0.0323,-0.0968
top_ops_multiset,and|person_is|person_is,31,NKN,0.1935,0.1613,0.2258,0.1613,0.2258,-0.0323,+0.0323,-0.0323,+0.0323
top_ops_multiset,and|person_is|person_is,31,NNK,0.2581,0.1613,0.2581,0.1613,0.1935,-0.0968,+0.0000,-0.0968,-0.0645
top_ops_multiset,and|person_is|person_is,31,NNN,0.2258,0.1935,0.2258,0.2258,0.2258,-0.0323,+0.0000,+0.0000,+0.0000
top_ops_multiset,and|person_is|same,93,KKK,0.1613,0.1720,0.1720,0.1613,0.1613,+0.0108,+0.0108,+0.0000,+0.0000
top_ops_multiset,and|person_is|same,93,KKN,0.0968,0.1290,0.1075,0.1075,0.1183,+0.0323,+0.0108,+0.0108,+0.0215
top_ops_multiset,and|person_is|same,93,KNK,0.1075,0.1075,0.0968,0.0968,0.1183,+0.0000,-0.0108,-0.0108,+0.0108
top_ops_multiset,and|person_is|same,93,KNN,0.1398,0.1505,0.1183,0.1828,0.1290,+0.0108,-0.0215,+0.0430,-0.0108
top_ops_multiset,and|person_is|same,93,NKK,0.0968,0.1183,0.0968,0.1075,0.0538,+0.0215,+0.0000,+0.0108,-0.0430
top_ops_multiset,and|person_is|same,93,NKN,0.2151,0.1828,0.2151,0.2043,0.2258,-0.0323,+0.0000,-0.0108,+0.0108
top_ops_multiset,and|person_is|same,93,NNK,0.1720,0.1290,0.1828,0.1398,0.1828,-0.0430,+0.0108,-0.0323,+0.0108
top_ops_multiset,and|same|same,52,KKK,0.2692,0.2885,0.2885,0.2692,0.2885,+0.0192,+0.0192,+0.0000,+0.0192
top_ops_multiset,and|same|same,52,KKN,0.0577,0.0577,0.0577,0.0769,0.0577,+0.0000,+0.0000,+0.0192,+0.0000
top_ops_multiset,and|same|same,52,KNK,0.0577,0.0577,0.0577,0.0577,0.0577,+0.0000,+0.0000,+0.0000,+0.0000
top_ops_multiset,and|same|same,52,KNN,0.2115,0.1923,0.1923,0.1923,0.1923,-0.0192,-0.0192,-0.0192,-0.0192
top_ops_multiset,and|same|same,52,NKK,0.0962,0.1154,0.1346,0.1346,0.1154,+0.0192,+0.0385,+0.0385,+0.0192
top_ops_multiset,and|same|same,52,NKN,0.2115,0.1923,0.1731,0.1731,0.1538,-0.0192,-0.0385,-0.0385,-0.0577
top_ops_multiset,and|same|same,52,NNK,0.0962,0.0962,0.0962,0.0962,0.1346,+0.0000,+0.0000,+0.0000,+0.0385
top_ops_multiset,different|different|not,31,KKN,0.2258,0.2258,0.1613,0.1613,0.2258,+0.0000,-0.0645,-0.0645,+0.0000
top_ops_multiset,different|different|not,31,KNK,0.0323,0.0645,0.0323,0.0968,0.0645,+0.0323,+0.0000,+0.0645,+0.0323
top_ops_multiset,different|different|not,31,KNN,0.0645,0.0645,0.0645,0.0968,0.0645,+0.0000,+0.0000,+0.0323,+0.0000
top_ops_multiset,different|different|not,31,NKK,0.0645,0.1290,0.1613,0.0323,0.0323,+0.0645,+0.0968,-0.0323,-0.0323
top_ops_multiset,different|different|not,31,NKN,0.0968,0.0968,0.0968,0.0968,0.0968,+0.0000,+0.0000,+0.0000,+0.0000
top_ops_multiset,different|different|not,31,NNK,0.0323,0.0323,0.0323,0.0323,0.0323,+0.0000,+0.0000,+0.0000,+0.0000
top_ops_multiset,different|different|not,31,NNN,0.4839,0.3871,0.4516,0.4839,0.4839,-0.0968,-0.0323,+0.0000,+0.0000
top_ops_multiset,different|different|or,54,KKN,0.1481,0.1667,0.1667,0.1296,0.1667,+0.0185,+0.0185,-0.0185,+0.0185
top_ops_multiset,different|different|or,54,KNK,0.1111,0.1296,0.1296,0.1667,0.1296,+0.0185,+0.0185,+0.0556,+0.0185
top_ops_multiset,different|different|or,54,KNN,0.1111,0.0926,0.0926,0.1111,0.0926,-0.0185,-0.0185,+0.0000,-0.0185
top_ops_multiset,different|different|or,54,NKK,0.1111,0.1296,0.1296,0.1111,0.1296,+0.0185,+0.0185,+0.0000,+0.0185
top_ops_multiset,different|different|or,54,NKN,0.0556,0.0556,0.0741,0.0741,0.0556,+0.0000,+0.0185,+0.0185,+0.0000
top_ops_multiset,different|different|or,54,NNK,0.1667,0.1667,0.1481,0.1296,0.1667,+0.0000,-0.0185,-0.0370,+0.0000
top_ops_multiset,different|different|or,54,NNN,0.2963,0.2593,0.2593,0.2778,0.2593,-0.0370,-0.0370,-0.0185,-0.0370
top_ops_multiset,different|not|not,27,KKN,0.1111,0.1481,0.1481,0.1481,0.1111,+0.0370,+0.0370,+0.0370,+0.0000
top_ops_multiset,different|not|not,27,KNK,0.0370,0.0370,0.0370,0.0370,0.0370,+0.0000,+0.0000,+0.0000,+0.0000
top_ops_multiset,different|not|not,27,KNN,0.1852,0.1481,0.1481,0.1852,0.1481,-0.0370,-0.0370,+0.0000,-0.0370
top_ops_multiset,different|not|not,27,NKK,0.1111,0.2222,0.2222,0.1852,0.1852,+0.1111,+0.1111,+0.0741,+0.0741
top_ops_multiset,different|not|not,27,NKN,0.1852,0.1481,0.1481,0.1481,0.0741,-0.0370,-0.0370,-0.0370,-0.1111
top_ops_multiset,different|not|not,27,NNK,0.0741,0.0741,0.0741,0.0370,0.1111,+0.0000,+0.0000,-0.0370,+0.0370
top_ops_multiset,different|not|not,27,NNN,0.2963,0.2222,0.2222,0.2593,0.3333,-0.0741,-0.0741,-0.0370,+0.0370
top_ops_multiset,different|not|or,48,KKK,0.0000,0.0000,0.0208,0.0000,0.0000,+0.0000,+0.0208,+0.0000,+0.0000
top_ops_multiset,different|not|or,48,KKN,0.1875,0.2917,0.2500,0.2500,0.2917,+0.1042,+0.0625,+0.0625,+0.1042
top_ops_multiset,different|not|or,48,KNK,0.2917,0.2500,0.2292,0.1875,0.2708,-0.0417,-0.0625,-0.1042,-0.0208
top_ops_multiset,different|not|or,48,KNN,0.1458,0.1042,0.0417,0.1667,0.0417,-0.0417,-0.1042,+0.0208,-0.1042
top_ops_multiset,different|not|or,48,NKK,0.0208,0.0625,0.1250,0.0833,0.0625,+0.0417,+0.1042,+0.0625,+0.0417
top_ops_multiset,different|not|or,48,NKN,0.1458,0.0833,0.1042,0.1042,0.1042,-0.0625,-0.0417,-0.0417,-0.0417
top_ops_multiset,different|not|or,48,NNK,0.1458,0.1458,0.1667,0.1458,0.1667,+0.0000,+0.0208,+0.0000,+0.0208
top_ops_multiset,different|not|or,48,NNN,0.0625,0.0625,0.0625,0.0625,0.0625,+0.0000,+0.0000,+0.0000,+0.0000
top_ops_multiset,different|not|person_is,81,KKN,0.0988,0.1605,0.0864,0.1358,0.1358,+0.0617,-0.0123,+0.0370,+0.0370
top_ops_multiset,different|not|person_is,81,KNK,0.1728,0.1728,0.1235,0.2222,0.1358,+0.0000,-0.0494,+0.0494,-0.0370
top_ops_multiset,different|not|person_is,81,KNN,0.0741,0.0864,0.0617,0.1111,0.1111,+0.0123,-0.0123,+0.0370,+0.0370
top_ops_multiset,different|not|person_is,81,NKK,0.1111,0.0988,0.1358,0.0617,0.0864,-0.0123,+0.0247,-0.0494,-0.0247
top_ops_multiset,different|not|person_is,81,NKN,0.1111,0.1111,0.1728,0.0988,0.1235,+0.0000,+0.0617,-0.0123,+0.0123
top_ops_multiset,different|not|person_is,81,NNK,0.1605,0.1481,0.1358,0.1481,0.1481,-0.0123,-0.0247,-0.0123,-0.0123
top_ops_multiset,different|not|person_is,81,NNN,0.2716,0.2222,0.2840,0.2222,0.2469,-0.0494,+0.0123,-0.0494,-0.0247
top_ops_multiset,different|not|same,72,KKK,0.0000,0.0000,0.0139,0.0139,0.0278,+0.0000,+0.0139,+0.0139,+0.0278
top_ops_multiset,different|not|same,72,KKN,0.1250,0.1667,0.1250,0.2083,0.1389,+0.0417,+0.0000,+0.0833,+0.0139
top_ops_multiset,different|not|same,72,KNK,0.1528,0.1806,0.1111,0.1528,0.1250,+0.0278,-0.0417,+0.0000,-0.0278
top_ops_multiset,different|not|same,72,KNN,0.1806,0.1806,0.1806,0.2083,0.1528,+0.0000,+0.0000,+0.0278,-0.0278
top_ops_multiset,different|not|same,72,NKK,0.2083,0.1944,0.2222,0.1667,0.2083,-0.0139,+0.0139,-0.0417,+0.0000
top_ops_multiset,different|not|same,72,NKN,0.1250,0.0972,0.1389,0.0833,0.1389,-0.0278,+0.0139,-0.0417,+0.0139
top_ops_multiset,different|not|same,72,NNK,0.1944,0.1806,0.2083,0.1667,0.1944,-0.0139,+0.0139,-0.0278,+0.0000
top_ops_multiset,different|or|or,29,KKK,0.0000,0.0000,0.0000,0.0000,0.1034,+0.0000,+0.0000,+0.0000,+0.1034
top_ops_multiset,different|or|or,29,KKN,0.4138,0.5517,0.4828,0.5862,0.4828,+0.1379,+0.0690,+0.1724,+0.0690
top_ops_multiset,different|or|or,29,KNK,0.2759,0.2069,0.2069,0.1724,0.1724,-0.0690,-0.0690,-0.1034,-0.1034
top_ops_multiset,different|or|or,29,KNN,0.0690,0.0000,0.0000,0.0000,0.0000,-0.0690,-0.0690,-0.0690,-0.0690
top_ops_multiset,different|or|or,29,NKK,0.0345,0.0690,0.1379,0.0345,0.0690,+0.0345,+0.1034,+0.0000,+0.0345
top_ops_multiset,different|or|or,29,NKN,0.0345,0.0345,0.0345,0.0345,0.0000,+0.0000,+0.0000,+0.0000,-0.0345
top_ops_multiset,different|or|or,29,NNK,0.0690,0.0345,0.0345,0.0690,0.0690,-0.0345,-0.0345,+0.0000,+0.0000
top_ops_multiset,different|or|or,29,NNN,0.1034,0.1034,0.1034,0.1034,0.1034,+0.0000,+0.0000,+0.0000,+0.0000
top_ops_multiset,different|or|person_is,78,KKK,0.0000,0.0000,0.0256,0.0256,0.0385,+0.0000,+0.0256,+0.0256,+0.0385
top_ops_multiset,different|or|person_is,78,KKN,0.0897,0.1538,0.1410,0.1667,0.1667,+0.0641,+0.0513,+0.0769,+0.0769
top_ops_multiset,different|or|person_is,78,KNK,0.2564,0.2308,0.1795,0.2564,0.1538,-0.0256,-0.0769,+0.0000,-0.1026
top_ops_multiset,different|or|person_is,78,KNN,0.1282,0.1410,0.1026,0.1154,0.1026,+0.0128,-0.0256,-0.0128,-0.0256
top_ops_multiset,different|or|person_is,78,NKK,0.0513,0.0897,0.0897,0.0641,0.0897,+0.0385,+0.0385,+0.0128,+0.0385
top_ops_multiset,different|or|person_is,78,NKN,0.0897,0.0769,0.1795,0.0897,0.0769,-0.0128,+0.0897,+0.0000,-0.0128
top_ops_multiset,different|or|person_is,78,NNK,0.1282,0.1410,0.1026,0.1154,0.1538,+0.0128,-0.0256,-0.0128,+0.0256
top_ops_multiset,different|or|person_is,78,NNN,0.2564,0.1667,0.1795,0.1667,0.2179,-0.0897,-0.0769,-0.0897,-0.0385
top_ops_multiset,different|or|same,92,KKK,0.0000,0.0000,0.0000,0.0000,0.0217,+0.0000,+0.0000,+0.0000,+0.0217
top_ops_multiset,different|or|same,92,KKN,0.1739,0.1739,0.1739,0.2065,0.1848,+0.0000,+0.0000,+0.0326,+0.0109
top_ops_multiset,different|or|same,92,KNK,0.1630,0.1848,0.1304,0.2174,0.1413,+0.0217,-0.0326,+0.0543,-0.0217
top_ops_multiset,different|or|same,92,KNN,0.2283,0.2283,0.1413,0.2283,0.1848,+0.0000,-0.0870,+0.0000,-0.0435
top_ops_multiset,different|or|same,92,NKK,0.1848,0.1739,0.2391,0.1413,0.2065,-0.0109,+0.0543,-0.0435,+0.0217
top_ops_multiset,different|or|same,92,NKN,0.1848,0.1739,0.2174,0.1522,0.1848,-0.0109,+0.0326,-0.0326,+0.0000
top_ops_multiset,different|or|same,92,NNK,0.0652,0.0652,0.0978,0.0543,0.0652,+0.0000,+0.0326,-0.0109,+0.0000
top_ops_multiset,not|not|same,24,KKK,0.2083,0.2083,0.2083,0.2083,0.2083,+0.0000,+0.0000,+0.0000,+0.0000
top_ops_multiset,not|not|same,24,KKN,0.0833,0.0833,0.0833,0.1250,0.0833,+0.0000,+0.0000,+0.0417,+0.0000
top_ops_multiset,not|not|same,24,KNK,0.0417,0.0417,0.0417,0.0417,0.0417,+0.0000,+0.0000,+0.0000,+0.0000
top_ops_multiset,not|not|same,24,KNN,0.1250,0.1250,0.1250,0.1250,0.1250,+0.0000,+0.0000,+0.0000,+0.0000
top_ops_multiset,not|not|same,24,NKK,0.2500,0.2917,0.2500,0.2083,0.2083,+0.0417,+0.0000,-0.0417,-0.0417
top_ops_multiset,not|not|same,24,NKN,0.1250,0.0833,0.1250,0.0833,0.1250,-0.0417,+0.0000,-0.0417,+0.0000
top_ops_multiset,not|not|same,24,NNK,0.1667,0.1667,0.1667,0.2083,0.2083,+0.0000,+0.0000,+0.0417,+0.0417
top_ops_multiset,not|or|person_is,49,KKK,0.1020,0.1429,0.1429,0.1429,0.1429,+0.0408,+0.0408,+0.0408,+0.0408
top_ops_multiset,not|or|person_is,49,KKN,0.1429,0.1837,0.1837,0.2449,0.2041,+0.0408,+0.0408,+0.1020,+0.0612
top_ops_multiset,not|or|person_is,49,KNK,0.1633,0.1633,0.1224,0.2041,0.1020,+0.0000,-0.0408,+0.0408,-0.0612
top_ops_multiset,not|or|person_is,49,KNN,0.1224,0.0816,0.1020,0.1020,0.1020,-0.0408,-0.0204,-0.0204,-0.0204
top_ops_multiset,not|or|person_is,49,NKK,0.1633,0.2041,0.2041,0.1020,0.2041,+0.0408,+0.0408,-0.0612,+0.0408
top_ops_multiset,not|or|person_is,49,NKN,0.1224,0.1020,0.1020,0.1020,0.1020,-0.0204,-0.0204,-0.0204,-0.0204
top_ops_multiset,not|or|person_is,49,NNK,0.0816,0.0612,0.0612,0.0612,0.0612,-0.0204,-0.0204,-0.0204,-0.0204
top_ops_multiset,not|or|person_is,49,NNN,0.1020,0.0612,0.0816,0.0408,0.0816,-0.0408,-0.0204,-0.0612,-0.0204
top_ops_multiset,not|or|same,61,KKK,0.3115,0.3115,0.3607,0.2951,0.3443,+0.0000,+0.0492,-0.0164,+0.0328
top_ops_multiset,not|or|same,61,KKN,0.0492,0.0492,0.0984,0.0820,0.0984,+0.0000,+0.0492,+0.0328,+0.0492
top_ops_multiset,not|or|same,61,KNK,0.1967,0.1967,0.1639,0.1639,0.1475,+0.0000,-0.0328,-0.0328,-0.0492
top_ops_multiset,not|or|same,61,KNN,0.0820,0.0492,0.0164,0.0984,0.0492,-0.0328,-0.0656,+0.0164,-0.0328
top_ops_multiset,not|or|same,61,NKK,0.1475,0.1967,0.1967,0.1803,0.1803,+0.0492,+0.0492,+0.0328,+0.0328
top_ops_multiset,not|or|same,61,NKN,0.1803,0.1639,0.1311,0.1148,0.1311,-0.0164,-0.0492,-0.0656,-0.0492
top_ops_multiset,not|or|same,61,NNK,0.0328,0.0328,0.0328,0.0492,0.0492,+0.0000,+0.0000,+0.0164,+0.0164
top_ops_multiset,not|person_is|person_is,21,KKK,0.1905,0.2381,0.2381,0.2381,0.2381,+0.0476,+0.0476,+0.0476,+0.0476
top_ops_multiset,not|person_is|person_is,21,KKN,0.0000,0.0952,0.0000,0.0952,0.0476,+0.0952,+0.0000,+0.0952,+0.0476
top_ops_multiset,not|person_is|person_is,21,KNK,0.0476,0.0952,0.0476,0.0952,0.0476,+0.0476,+0.0000,+0.0476,+0.0000
top_ops_multiset,not|person_is|person_is,21,KNN,0.0952,0.0952,0.0476,0.0952,0.0476,+0.0000,-0.0476,+0.0000,-0.0476
top_ops_multiset,not|person_is|person_is,21,NKK,0.1429,0.0952,0.1429,0.0952,0.1429,-0.0476,+0.0000,-0.0476,+0.0000
top_ops_multiset,not|person_is|person_is,21,NKN,0.0952,0.0952,0.0952,0.0952,0.0476,+0.0000,+0.0000,+0.0000,-0.0476
top_ops_multiset,not|person_is|person_is,21,NNK,0.1429,0.0476,0.1905,0.0476,0.1905,-0.0952,+0.0476,-0.0952,+0.0476
top_ops_multiset,not|person_is|person_is,21,NNN,0.2857,0.2381,0.2381,0.2381,0.2381,-0.0476,-0.0476,-0.0476,-0.0476
top_ops_multiset,not|person_is|same,60,KKK,0.2167,0.2333,0.2167,0.2167,0.2167,+0.0167,+0.0000,+0.0000,+0.0000
top_ops_multiset,not|person_is|same,60,KKN,0.1000,0.0833,0.1000,0.1333,0.1333,-0.0167,+0.0000,+0.0333,+0.0333
top_ops_multiset,not|person_is|same,60,KNK,0.0500,0.0500,0.0500,0.0500,0.0500,+0.0000,+0.0000,+0.0000,+0.0000
top_ops_multiset,not|person_is|same,60,KNN,0.1000,0.1167,0.1000,0.1500,0.1000,+0.0167,+0.0000,+0.0500,+0.0000
top_ops_multiset,not|person_is|same,60,NKK,0.2167,0.2333,0.2500,0.2167,0.2333,+0.0167,+0.0333,+0.0000,+0.0167
top_ops_multiset,not|person_is|same,60,NKN,0.1667,0.1500,0.1500,0.1167,0.1167,-0.0167,-0.0167,-0.0500,-0.0500
top_ops_multiset,not|person_is|same,60,NNK,0.1500,0.1333,0.1333,0.1167,0.1500,-0.0167,-0.0167,-0.0333,+0.0000
top_ops_multiset,not|same|same,40,KKK,0.4250,0.4500,0.4250,0.4250,0.4500,+0.0250,+0.0000,+0.0000,+0.0250
top_ops_multiset,not|same|same,40,KKN,0.0750,0.0500,0.0500,0.0500,0.1000,-0.0250,-0.0250,-0.0250,+0.0250
top_ops_multiset,not|same|same,40,KNK,0.1000,0.1000,0.1250,0.1250,0.0750,+0.0000,+0.0250,+0.0250,-0.0250
top_ops_multiset,not|same|same,40,KNN,0.1750,0.1750,0.1750,0.1750,0.1500,+0.0000,+0.0000,+0.0000,-0.0250
top_ops_multiset,not|same|same,40,NKK,0.0500,0.0750,0.0750,0.0750,0.0750,+0.0250,+0.0250,+0.0250,+0.0250
top_ops_multiset,not|same|same,40,NKN,0.0500,0.0250,0.0250,0.0250,0.0250,-0.0250,-0.0250,-0.0250,-0.0250
top_ops_multiset,not|same|same,40,NNK,0.1250,0.1250,0.1250,0.1250,0.1250,+0.0000,+0.0000,+0.0000,+0.0000
top_ops_multiset,or|or|person_is,27,KKK,0.4444,0.4444,0.4815,0.4815,0.4444,+0.0000,+0.0370,+0.0370,+0.0000
top_ops_multiset,or|or|person_is,27,KKN,0.0000,0.0000,0.0370,0.0370,0.0741,+0.0000,+0.0370,+0.0370,+0.0741
top_ops_multiset,or|or|person_is,27,KNK,0.2222,0.2222,0.1852,0.1481,0.1852,+0.0000,-0.0370,-0.0741,-0.0370
top_ops_multiset,or|or|person_is,27,KNN,0.0000,0.0000,0.0370,0.0741,0.0000,+0.0000,+0.0370,+0.0741,+0.0000
top_ops_multiset,or|or|person_is,27,NKK,0.1111,0.1111,0.1111,0.1111,0.1481,+0.0000,+0.0000,+0.0000,+0.0370
top_ops_multiset,or|or|person_is,27,NKN,0.0741,0.1111,0.0741,0.0741,0.0741,+0.0370,+0.0000,+0.0000,+0.0000
top_ops_multiset,or|or|person_is,27,NNK,0.0741,0.0741,0.0370,0.0370,0.0370,+0.0000,-0.0370,-0.0370,-0.0370
top_ops_multiset,or|or|person_is,27,NNN,0.0741,0.0370,0.0370,0.0370,0.0370,-0.0370,-0.0370,-0.0370,-0.0370
top_ops_multiset,or|or|same,33,KKK,0.4848,0.5455,0.6061,0.4848,0.6061,+0.0606,+0.1212,+0.0000,+0.1212
top_ops_multiset,or|or|same,33,KKN,0.0909,0.0909,0.0909,0.1212,0.0909,+0.0000,+0.0000,+0.0303,+0.0000
top_ops_multiset,or|or|same,33,KNK,0.1515,0.1212,0.1515,0.1212,0.0909,-0.0303,+0.0000,-0.0303,-0.0606
top_ops_multiset,or|or|same,33,KNN,0.1515,0.1212,0.0303,0.1515,0.0909,-0.0303,-0.1212,+0.0000,-0.0606
top_ops_multiset,or|or|same,33,NKK,0.0606,0.0606,0.0606,0.0606,0.0606,+0.0000,+0.0000,+0.0000,+0.0000
top_ops_multiset,or|or|same,33,NKN,0.0606,0.0606,0.0606,0.0606,0.0606,+0.0000,+0.0000,+0.0000,+0.0000
top_ops_multiset,or|person_is|person_is,38,KKK,0.2895,0.2895,0.3158,0.2895,0.2895,+0.0000,+0.0263,+0.0000,+0.0000
top_ops_multiset,or|person_is|person_is,38,KKN,0.0789,0.0789,0.0263,0.0526,0.0789,+0.0000,-0.0526,-0.0263,+0.0000
top_ops_multiset,or|person_is|person_is,38,KNK,0.2105,0.2105,0.2105,0.2368,0.2368,+0.0000,+0.0000,+0.0263,+0.0263
top_ops_multiset,or|person_is|person_is,38,KNN,0.1053,0.1053,0.0263,0.1053,0.0789,+0.0000,-0.0789,+0.0000,-0.0263
top_ops_multiset,or|person_is|person_is,38,NKK,0.1316,0.1316,0.2105,0.1316,0.1053,+0.0000,+0.0789,+0.0000,-0.0263
top_ops_multiset,or|person_is|person_is,38,NKN,0.0789,0.0789,0.0526,0.0526,0.0526,+0.0000,-0.0263,-0.0263,-0.0263
top_ops_multiset,or|person_is|person_is,38,NNK,0.0526,0.0526,0.1053,0.0789,0.1053,+0.0000,+0.0526,+0.0263,+0.0526
top_ops_multiset,or|person_is|person_is,38,NNN,0.0526,0.0526,0.0526,0.0526,0.0526,+0.0000,+0.0000,+0.0000,+0.0000
top_ops_multiset,or|person_is|same,72,KKK,0.3472,0.3472,0.3611,0.3472,0.3611,+0.0000,+0.0139,+0.0000,+0.0139
top_ops_multiset,or|person_is|same,72,KKN,0.0833,0.1111,0.0972,0.1250,0.1111,+0.0278,+0.0139,+0.0417,+0.0278
top_ops_multiset,or|person_is|same,72,KNK,0.0694,0.0694,0.0556,0.0694,0.0694,+0.0000,-0.0139,+0.0000,+0.0000
top_ops_multiset,or|person_is|same,72,KNN,0.1250,0.0833,0.1111,0.1250,0.1111,-0.0417,-0.0139,+0.0000,-0.0139
top_ops_multiset,or|person_is|same,72,NKK,0.1111,0.0972,0.1389,0.1111,0.1250,-0.0139,+0.0278,+0.0000,+0.0139
top_ops_multiset,or|person_is|same,72,NKN,0.0972,0.0972,0.0972,0.0833,0.0694,+0.0000,+0.0000,-0.0139,-0.0278
top_ops_multiset,or|person_is|same,72,NNK,0.1667,0.1944,0.1389,0.1389,0.1528,+0.0278,-0.0278,-0.0278,-0.0139
top_ops_multiset,or|same|same,66,KKK,0.5909,0.6364,0.6364,0.6061,0.6212,+0.0455,+0.0455,+0.0152,+0.0303
top_ops_multiset,or|same|same,66,KKN,0.0909,0.0758,0.0758,0.1061,0.0909,-0.0152,-0.0152,+0.0152,+0.0000
top_ops_multiset,or|same|same,66,KNK,0.0455,0.0455,0.0455,0.0455,0.0606,+0.0000,+0.0000,+0.0000,+0.0152
top_ops_multiset,or|same|same,66,KNN,0.1061,0.0909,0.0909,0.0909,0.0758,-0.0152,-0.0152,-0.0152,-0.0303
top_ops_multiset,or|same|same,66,NKK,0.0606,0.0758,0.0606,0.0606,0.0455,+0.0152,+0.0000,+0.0000,-0.0152
top_ops_multiset,or|same|same,66,NNK,0.0909,0.0758,0.0758,0.0758,0.0758,-0.0152,-0.0152,-0.0152,-0.0152
