signature_type,signature,n,acc_epoch4,acc_epoch5,acc_v1,acc_v2,acc_v3,delta_epoch5,delta_v1,delta_v2,delta_v3,gt_distribution
top_ops,different+different+or,20,0.9000,0.9000,0.9000,0.8000,0.9000,+0.0000,+0.0000,-0.1000,+0.0000,"{""KKN"": 1, ""KNK"": 2, ""KNN"": 2, ""NKK"": 5, ""NNK"": 4, ""NNN"": 6}"
top_ops,or+different+person_is,21,0.6667,0.6190,0.6667,0.7619,0.5714,-0.0476,+0.0000,+0.0952,-0.0952,"{""KKN"": 4, ""KNK"": 2, ""KNN"": 4, ""NKK"": 2, ""NKN"": 5, ""NNK"": 2, ""NNN"": 2}"
top_ops,or+same+same,23,0.9565,0.9565,0.9130,0.9130,0.8696,+0.0000,-0.0435,-0.0435,-0.0870,"{""KKK"": 12, ""KKN"": 2, ""KNK"": 2, ""KNN"": 6, ""NKK"": 1}"
top_ops,same+or+not,20,0.7000,0.9000,0.8500,0.9000,0.9000,+0.2000,+0.1500,+0.2000,+0.2000,"{""KKK"": 8, ""NKK"": 5, ""NKN"": 4, ""NNK"": 3}"
top_ops,same+same+or,28,0.9286,1.0000,1.0000,0.9643,1.0000,+0.0714,+0.0714,+0.0357,+0.0714,"{""KKK"": 19, ""KNK"": 1, ""NKK"": 3, ""NNK"": 5}"
top_ops_multiset,and|and|different,33,0.7879,0.6364,0.7879,0.7576,0.6970,-0.1515,+0.0000,-0.0303,-0.0909,"{""KKN"": 2, ""KNK"": 3, ""KNN"": 2, ""NKK"": 2, ""NKN"": 6, ""NNK"": 4, ""NNN"": 14}"
top_ops_multiset,and|and|not,22,0.5000,0.4545,0.5909,0.7273,0.5909,-0.0455,+0.0909,+0.2273,+0.0909,"{""KKK"": 1, ""KKN"": 1, ""KNK"": 2, ""KNN"": 2, ""NKK"": 3, ""NKN"": 3, ""NNK"": 5, ""NNN"": 5}"
top_ops_multiset,and|and|or,21,0.6667,0.6667,0.6190,0.6667,0.5714,+0.0000,-0.0476,+0.0000,-0.0952,"{""KKK"": 3, ""KKN"": 1, ""KNK"": 1, ""KNN"": 3, ""NKK"": 2, ""NKN"": 3, ""NNK"": 6, ""NNN"": 2}"
top_ops_multiset,and|and|person_is,29,0.6207,0.6207,0.5517,0.6897,0.6207,+0.0000,-0.0690,+0.0690,+0.0000,"{""KKN"": 1, ""KNK"": 1, ""KNN"": 5, ""NKK"": 1, ""NKN"": 2, ""NNK"": 4, ""NNN"": 15}"
top_ops_multiset,and|and|same,24,0.6250,0.7500,0.7083,0.6250,0.7500,+0.1250,+0.0833,+0.0000,+0.1250,"{""KKK"": 3, ""KKN"": 2, ""KNK"": 1, ""KNN"": 8, ""NKK"": 2, ""NKN"": 4, ""NNK"": 4}"
top_ops_multiset,and|different|different,34,0.9118,0.8529,0.9118,0.8824,0.9118,-0.0588,+0.0000,-0.0294,+0.0000,"{""KNK"": 1, ""KNN"": 1, ""NKK"": 2, ""NKN"": 1, ""NNK"": 2, ""NNN"": 27}"
top_ops_multiset,and|different|not,44,0.5909,0.6364,0.6136,0.6818,0.5455,+0.0455,+0.0227,+0.0909,-0.0455,"{""KKN"": 5, ""KNK"": 5, ""KNN"": 7, ""NKK"": 6, ""NKN"": 4, ""NNK"": 5, ""NNN"": 12}"
top_ops_multiset,and|different|or,60,0.7000,0.7167,0.8000,0.7000,0.6833,+0.0167,+0.1000,+0.0000,-0.0167,"{""KKN"": 15, ""KNK"": 12, ""KNN"": 7, ""NKK"": 8, ""NKN"": 7, ""NNK"": 4, ""NNN"": 7}"
top_ops_multiset,and|different|person_is,70,0.7714,0.8286,0.7429,0.8000,0.7429,+0.0571,-0.0286,+0.0286,-0.0286,"{""KKN"": 5, ""KNK"": 7, ""KNN"": 10, ""NKK"": 5, ""NKN"": 10, ""NNK"": 8, ""NNN"": 25}"
top_ops_multiset,and|different|same,67,0.7463,0.8060,0.7761,0.7910,0.7612,+0.0597,+0.0299,+0.0448,+0.0149,"{""KKN"": 8, ""KNK"": 10, ""KNN"": 14, ""NKK"": 11, ""NKN"": 10, ""NNK"": 14}"
top_ops_multiset,and|not|or,39,0.5897,0.6667,0.6154,0.5641,0.5897,+0.0769,+0.0256,-0.0256,+0.0000,"{""KKK"": 4, ""KKN"": 4, ""KNK"": 1, ""KNN"": 7, ""NKK"": 7, ""NKN"": 6, ""NNK"": 8, ""NNN"": 2}"
top_ops_multiset,and|not|person_is,53,0.6415,0.7170,0.6981,0.6792,0.6981,+0.0755,+0.0566,+0.0377,+0.0566,"{""KKK"": 2, ""KKN"": 4, ""KNK"": 7, ""KNN"": 6, ""NKK"": 7, ""NKN"": 7, ""NNK"": 8, ""NNN"": 12}"
top_ops_multiset,and|not|same,50,0.6600,0.7200,0.7800,0.7600,0.7600,+0.0600,+0.1200,+0.1000,+0.1000,"{""KKK"": 7, ""KKN"": 8, ""KNK"": 6, ""KNN"": 4, ""NKK"": 7, ""NKN"": 8, ""NNK"": 10}"
top_ops_multiset,and|or|person_is,51,0.4706,0.4510,0.5294,0.6078,0.4706,-0.0196,+0.0588,+0.1373,+0.0000,"{""KKK"": 2, ""KKN"": 11, ""KNK"": 8, ""KNN"": 6, ""NKK"": 2, ""NKN"": 7, ""NNK"": 9, ""NNN"": 6}"
top_ops_multiset,and|or|same,61,0.7869,0.8361,0.8033,0.8197,0.8033,+0.0492,+0.0164,+0.0328,+0.0164,"{""KKK"": 10, ""KKN"": 12, ""KNK"": 11, ""KNN"": 4, ""NKK"": 6, ""NKN"": 11, ""NNK"": 7}"
top_ops_multiset,and|person_is|person_is,31,0.5484,0.6774,0.5484,0.6774,0.6129,+0.1290,+0.0000,+0.1290,+0.0645,"{""KKK"": 2, ""KKN"": 5, ""KNK"": 4, ""KNN"": 3, ""NKK"": 1, ""NKN"": 4, ""NNK"": 5, ""NNN"": 7}"
top_ops_multiset,and|person_is|same,93,0.7419,0.7957,0.7419,0.7634,0.7634,+0.0538,+0.0000,+0.0215,+0.0215,"{""KKK"": 15, ""KKN"": 15, ""KNK"": 8, ""KNN"": 17, ""NKK"": 7, ""NKN"": 21, ""NNK"": 10}"
top_ops_multiset,and|same|same,52,0.9231,0.9231,0.9231,0.9231,0.8846,+0.0000,+0.0000,+0.0000,-0.0385,"{""KKK"": 15, ""KKN"": 4, ""KNK"": 3, ""KNN"": 11, ""NKK"": 7, ""NKN"": 8, ""NNK"": 4}"
top_ops_multiset,different|different|not,31,0.8065,0.8387,0.7742,0.9355,0.8710,+0.0323,-0.0323,+0.1290,+0.0645,"{""KKN"": 4, ""KNK"": 3, ""KNN"": 3, ""NKK"": 3, ""NKN"": 3, ""NNK"": 1, ""NNN"": 14}"
top_ops_multiset,different|different|or,54,0.8889,0.9444,0.8889,0.8519,0.9444,+0.0556,+0.0000,-0.0370,+0.0556,"{""KKN"": 9, ""KNK"": 7, ""KNN"": 7, ""NKK"": 8, ""NKN"": 2, ""NNK"": 8, ""NNN"": 13}"
top_ops_multiset,different|not|not,27,0.8519,0.7407,0.7407,0.8148,0.9259,-0.1111,-0.1111,-0.0370,+0.0741,"{""KKN"": 4, ""KNK"": 1, ""KNN"": 4, ""NKK"": 4, ""NKN"": 3, ""NNK"": 3, ""NNN"": 8}"
top_ops_multiset,different|not|or,48,0.7083,0.7500,0.6875,0.8125,0.7292,+0.0417,-0.0208,+0.1042,+0.0208,"{""KKN"": 7, ""KNK"": 13, ""KNN"": 5, ""NKK"": 5, ""NKN"": 7, ""NNK"": 8, ""NNN"": 3}"
top_ops_multiset,different|not|person_is,81,0.7654,0.7778,0.7654,0.7901,0.7654,+0.0123,+0.0000,+0.0247,+0.0000,"{""KKN"": 11, ""KNK"": 13, ""KNN"": 6, ""NKK"": 10, ""NKN"": 10, ""NNK"": 12, ""NNN"": 19}"
top_ops_multiset,different|not|same,72,0.8611,0.8611,0.8472,0.8889,0.8472,+0.0000,-0.0139,+0.0278,-0.0139,"{""KKN"": 11, ""KNK"": 12, ""KNN"": 13, ""NKK"": 13, ""NKN"": 10, ""NNK"": 13}"
top_ops_multiset,different|or|or,29,0.6552,0.6207,0.6552,0.6207,0.5172,-0.0345,+0.0000,-0.0345,-0.1379,"{""KKN"": 8, ""KNK"": 7, ""NKK"": 5, ""NKN"": 3, ""NNK"": 2, ""NNN"": 4}"
top_ops_multiset,different|or|person_is,78,0.6410,0.7436,0.6923,0.7179,0.6667,+0.1026,+0.0513,+0.0769,+0.0256,"{""KKN"": 12, ""KNK"": 11, ""KNN"": 10, ""NKK"": 12, ""NKN"": 9, ""NNK"": 11, ""NNN"": 13}"
top_ops_multiset,different|or|same,92,0.7717,0.7935,0.8152,0.7717,0.7717,+0.0217,+0.0435,+0.0000,+0.0000,"{""KKN"": 14, ""KNK"": 16, ""KNN"": 17, ""NKK"": 19, ""NKN"": 18, ""NNK"": 8}"
top_ops_multiset,not|not|same,24,0.7917,0.8333,0.7917,0.8333,0.8333,+0.0417,+0.0000,+0.0417,+0.0417,"{""KKK"": 5, ""KKN"": 1, ""KNK"": 1, ""KNN"": 3, ""NKK"": 6, ""NKN"": 3, ""NNK"": 5}"
top_ops_multiset,not|or|person_is,49,0.6122,0.6531,0.6531,0.6327,0.7143,+0.0408,+0.0408,+0.0204,+0.1020,"{""KKK"": 5, ""KKN"": 10, ""KNK"": 7, ""KNN"": 5, ""NKK"": 10, ""NKN"": 4, ""NNK"": 5, ""NNN"": 3}"
top_ops_multiset,not|or|same,61,0.7541,0.7869,0.8033,0.7541,0.8033,+0.0328,+0.0492,+0.0000,+0.0492,"{""KKK"": 19, ""KKN"": 7, ""KNK"": 9, ""KNN"": 4, ""NKK"": 9, ""NKN"": 8, ""NNK"": 5}"
top_ops_multiset,not|person_is|person_is,21,0.7143,0.8095,0.7143,0.8095,0.7143,+0.0952,+0.0000,+0.0952,+0.0000,"{""KKK"": 5, ""KKN"": 3, ""KNK"": 1, ""KNN"": 3, ""NKK"": 1, ""NKN"": 1, ""NNK"": 2, ""NNN"": 5}"
top_ops_multiset,not|person_is|same,60,0.7500,0.7833,0.7667,0.8500,0.8333,+0.0333,+0.0167,+0.1000,+0.0833,"{""KKK"": 13, ""KKN"": 11, ""KNK"": 4, ""KNN"": 9, ""NKK"": 12, ""NKN"": 6, ""NNK"": 5}"
top_ops_multiset,not|same|same,40,0.9000,0.9500,0.9750,0.9750,0.9000,+0.0500,+0.0750,+0.0750,+0.0000,"{""KKK"": 16, ""KKN"": 2, ""KNK"": 5, ""KNN"": 7, ""NKK"": 3, ""NKN"": 2, ""NNK"": 5}"
top_ops_multiset,or|or|person_is,27,0.6296,0.6296,0.7037,0.6296,0.6296,+0.0000,+0.0741,+0.0000,+0.0000,"{""KKK"": 13, ""KNK"": 4, ""KNN"": 2, ""NKK"": 2, ""NKN"": 1, ""NNK"": 3, ""NNN"": 2}"
top_ops_multiset,or|or|same,33,0.7879,0.7576,0.8182,0.7879,0.7879,-0.0303,+0.0303,+0.0000,+0.0000,"{""KKK"": 18, ""KKN"": 3, ""KNK"": 4, ""KNN"": 3, ""NKK"": 2, ""NKN"": 2, ""NNK"": 1}"
top_ops_multiset,or|person_is|person_is,38,0.8158,0.8158,0.7632,0.8684,0.8684,+0.0000,-0.0526,+0.0526,+0.0526,"{""KKK"": 11, ""KKN"": 3, ""KNK"": 9, ""KNN"": 4, ""NKK"": 5, ""NKN"": 1, ""NNK"": 3, ""NNN"": 2}"
top_ops_multiset,or|person_is|same,72,0.8056,0.8056,0.8333,0.7500,0.7778,+0.0000,+0.0278,-0.0556,-0.0278,"{""KKK"": 26, ""KKN"": 7, ""KNK"": 5, ""KNN"": 7, ""NKK"": 10, ""NKN"": 6, ""NNK"": 11}"
top_ops_multiset,or|same|same,66,0.9394,0.9545,0.9545,0.9394,0.9394,+0.0152,+0.0152,+0.0000,+0.0000,"{""KKK"": 43, ""KKN"": 4, ""KNK"": 3, ""KNN"": 6, ""NKK"": 4, ""NKN"": 1, ""NNK"": 5}"
